Name,Size,FilePath,ImageSource
United Kingdom,242495,../static/images/games/countries/United Kingdom.jpg,https://static.memrise.com/thumbor/unsafe/100x0/uploads/things/images/12760728_130703_0746_04.jpg
Ireland,70273,../static/images/games/countries/Ireland.jpg,https://static.memrise.com/thumbor/unsafe/100x0/uploads/things/images/17370404_130703_0752_24.jpg
France,551695,../static/images/games/countries/France.jpg,https://static.memrise.com/thumbor/unsafe/100x0/uploads/things/images/17370415_130703_0748_13.jpg
Spain,498511,../static/images/games/countries/Spain.jpg,https://static.memrise.com/thumbor/unsafe/100x0/uploads/things/images/17370422_130703_0752_28.jpg
Italy,301318,../static/images/games/countries/Italy.jpg,https://static.memrise.com/thumbor/unsafe/100x0/uploads/things/images/17370462_130703_0753_29.jpg
Greece,131940,../static/images/games/countries/Greece.jpg,https://static.memrise.com/thumbor/unsafe/100x0/uploads/things/images/17370518_130703_0754_09.jpg
Turkey,783562,../static/images/games/countries/Turkey.jpg,https://static.memrise.com/thumbor/unsafe/100x0/uploads/things/images/17370523_130703_0754_59.jpg
Iceland,102775,../static/images/games/countries/Iceland.jpg,https://static.memrise.com/thumbor/unsafe/100x0/uploads/things/images/17370527_130703_0755_04.jpg
Portugal,88416,../static/images/games/countries/Portugal.jpg,https://static.memrise.com/thumbor/unsafe/100x0/uploads/things/images/17370534_130703_0755_50.jpg
Germany,357386,../static/images/games/countries/Germany.jpg,https://static.memrise.com/thumbor/unsafe/100x0/uploads/things/images/17370540_130703_0756_36.jpg
Denmark,44493,../static/images/games/countries/Denmark.jpg,https://static.memrise.com/thumbor/unsafe/100x0/uploads/things/images/17370544_130703_0757_08.jpg
Norway,385178,../static/images/games/countries/Norway.jpg,https://static.memrise.com/thumbor/unsafe/100x0/uploads/things/images/17370548_130703_0757_32.jpg
Netherlands,41198,../static/images/games/countries/Netherlands.jpg,https://static.memrise.com/thumbor/unsafe/100x0/uploads/things/images/17370560_130703_0758_13.jpg
Sweden,447425,../static/images/games/countries/Sweden.jpg,https://static.memrise.com/thumbor/unsafe/100x0/uploads/things/images/17370562_130703_0758_45.jpg
Luxembourg,2586,../static/images/games/countries/Luxembourg.jpg,https://static.memrise.com/thumbor/unsafe/100x0/uploads/things/images/17370568_130703_0759_38.jpg
Finland,338145,../static/images/games/countries/Finland.jpg,https://static.memrise.com/thumbor/unsafe/100x0/uploads/things/images/17370603_130703_0800_15.jpg
Russia,3968200,../static/images/games/countries/Russia.jpg,https://static.memrise.com/thumbor/unsafe/100x0/uploads/things/images/17370823_130703_0820_01.png
Switzerland,41290,../static/images/games/countries/Switzerland.jpg,https://static.memrise.com/thumbor/unsafe/100x0/uploads/things/images/17370825_130703_0842_39.jpg
Liechtenstein,160,../static/images/games/countries/Liechtenstein.jpg,https://static.memrise.com/thumbor/unsafe/100x0/uploads/things/images/17371268_130703_0857_16.jpg
Slovenia,20273,../static/images/games/countries/Slovenia.jpg,https://static.memrise.com/thumbor/unsafe/100x0/uploads/things/images/17371287_130703_0859_34.jpg
Slovakia,49036,../static/images/games/countries/Slovakia.jpg,https://static.memrise.com/thumbor/unsafe/100x0/uploads/things/images/17371297_130703_0903_45.jpg
Serbia,88361,../static/images/games/countries/Serbia.jpg,https://static.memrise.com/thumbor/unsafe/100x0/uploads/things/images/17371379_130703_0909_34.jpg
Belgium,30510,../static/images/games/countries/Belgium.jpg,https://static.memrise.com/thumbor/unsafe/100x0/uploads/things/images/17371463_130703_0911_42.jpg
Ukraine,603628,../static/images/games/countries/Ukraine.jpg,https://static.memrise.com/thumbor/unsafe/100x0/uploads/things/images/17371470_130703_0912_25.jpg
Poland,312685,../static/images/games/countries/Poland.jpg,https://static.memrise.com/thumbor/unsafe/100x0/uploads/things/images/17371473_130703_0913_10.jpg
Romania,238397,../static/images/games/countries/Romania.jpg,https://static.memrise.com/thumbor/unsafe/100x0/uploads/things/images/17371482_130703_0916_45.jpg
Austria,83858,../static/images/games/countries/Austria.jpg,https://static.memrise.com/thumbor/unsafe/100x0/uploads/things/images/17371521_130703_0919_07.gif
Bulgaria,110994,../static/images/games/countries/Bulgaria.jpg,https://static.memrise.com/thumbor/unsafe/100x0/uploads/things/images/17371523_130703_0919_36.jpg
Hungary,93030,../static/images/games/countries/Hungary.jpg,https://static.memrise.com/thumbor/unsafe/100x0/uploads/things/images/17371805_130703_0948_03.jpg
Latvia,64589,../static/images/games/countries/Latvia.jpg,https://static.memrise.com/thumbor/unsafe/100x0/uploads/things/images/17371809_130703_1003_43.jpg
Estonia,45339,../static/images/games/countries/Estonia.jpg,https://static.memrise.com/thumbor/unsafe/100x0/uploads/things/images/17371892_130703_1004_42.jpg
Malta,316,../static/images/games/countries/Malta.jpg,https://static.memrise.com/thumbor/unsafe/100x0/uploads/things/images/17371899_130703_1005_34.jpg
Belarus,207600,../static/images/games/countries/Belarus.jpg,https://static.memrise.com/thumbor/unsafe/100x0/uploads/things/images/17371909_130703_1006_53.jpg
Montenegro,13812,../static/images/games/countries/Montenegro.jpg,https://static.memrise.com/thumbor/unsafe/100x0/uploads/things/images/17371924_130703_1010_39.jpg
Andorra,468,../static/images/games/countries/Andorra.jpg,https://static.memrise.com/thumbor/unsafe/100x0/uploads/things/images/17371956_130703_1011_53.jpg
Croatia,56594,../static/images/games/countries/Croatia.jpg,https://static.memrise.com/thumbor/unsafe/100x0/uploads/things/images/17371965_130703_1013_44.jpg
Lithuania,65300,../static/images/games/countries/Lithuania.jpg,https://static.memrise.com/thumbor/unsafe/100x0/uploads/things/images/17371977_130703_1017_14.jpg
Bosnia,51129,../static/images/games/countries/Bosnia and Herzegovina.jpg,https://static.memrise.com/thumbor/unsafe/100x0/uploads/things/images/17371999_130703_1020_41.jpg
San Marino,61,../static/images/games/countries/San Marino.jpg,https://static.memrise.com/thumbor/unsafe/100x0/uploads/things/images/17372015_130703_1022_11.jpg
Monaco,2,../static/images/games/countries/Monaco.jpg,https://static.memrise.com/thumbor/unsafe/100x0/uploads/things/images/17372019_130703_1022_58.jpg
North Macedonia,25713,../static/images/games/countries/North Macedonia.jpg,https://static.memrise.com/thumbor/unsafe/100x0/uploads/things/images/17372028_130703_1024_03.jpg
Kosovo,10887,../static/images/games/countries/Kosovo.jpg,https://static.memrise.com/thumbor/unsafe/100x0/uploads/things/images/17372038_130703_1024_51.jpg
Moldova,33846,../static/images/games/countries/Moldova.jpg,https://static.memrise.com/thumbor/unsafe/100x0/uploads/things/images/17372920_130703_1109_11.jpg
Vatican City,1,../static/images/games/countries/Vatican City.jpg,https://static.memrise.com/thumbor/unsafe/100x0/uploads/things/images/17372951_130703_1110_30.jpg
Czech Republic,78866,../static/images/games/countries/Czech Republic.jpg,https://static.memrise.com/thumbor/unsafe/100x0/uploads/things/images/45986374_141210_1208_53.gif
